Index,Temperature,Humidity,Light,CO2,HumidityRatio,Occupancy
1,22.0000,30.310,150.300000,600.500000,0.003581
2,23.7450,35.180,300.400000,652.200000,0.003859
3,24.7320,28.250,451.800000,801.900000,0.004172
4,21.7695,39.295,620.600000,899.300000,0.005088
5,22.7485,40.210,420.900000,499.100000,0.003966
6,23.7555,26.275,562.700000,759.800000,0.004774