Index,Temperature,Humidity,Light,CO2,HumidityRatio
1,22.6,25.1666666666667,433.0,854.333333333333,0.00426667988011176
2,22.6,25.0666666666667,428.333333333333,849.333333333333,0.00424961035468154
3,22.6,25.2,422.5,853.0,0.0042723699287058
4,22.6,25.2,423.666666666667,853.0,0.0042723699287058
5,22.54,25.16,424.6,852.0,0.0042499210749079