Index,Temperature,Humidity,Light,CO2,HumidityRatio,Occupancy
1,23.7610,26.310,590.300000,765.500000,0.004781
2,23.7450,26.180,505.400000,782.200000,0.004759
3,23.7320,26.250,615.800000,748.900000,0.004772
4,23.7695,26.295,540.600000,771.300000,0.004788
5,23.7485,26.210,470.900000,790.100000,0.004766
6,23.7555,26.275,562.700000,759.800000,0.004774